Name,Address,Type,Description,Image_URL
Market Square,"655 N Western Ave, Lake Forest, IL 60045",Cultural / Historical,"Market Square is the heart of downtown Lake Forest and one of the first planned shopping centers in the United States. Its charming architecture, local boutiques, and cafés make it feel both historic and lively. It’s the kind of place that makes the town feel connected and community-driven.",https://images.squarespace-cdn.com/content/v1/580fbd69893fc0d20d2cf5ec/1480700546467-ZJ63I9YT97ZPWYESV0QP/MktSquare_OKWCable_9458.jpg
Lake Forest Beach,"1110 N Lake Shore Dr, Lake Forest, IL 60045",Recreation / Park,"Lake Forest Beach offers stunning views of Lake Michigan and is a peaceful place to unwind. The walking paths, sailboats, and open shoreline make it feel calm and expansive. It’s especially beautiful at sunset and feels like a hidden escape within the suburbs.",https://graymalin.com/cdn/shop/files/Lake_Forest_Beach_Day_iqzmmm.jpg?v=1712257122 
Elawa Farm,"1401 Middlefork Dr, Lake Forest, IL 60045",Cultural / Historical,"Elawa Farm blends history, sustainability, and community all in one space. Originally built in the early 1900s, it now hosts local markets, educational programs, and seasonal events. It’s a meaningful spot because it connects Lake Forest’s past with a focus on local food and community engagement.",https://images.squarespace-cdn.com/content/v1/602c1ed7cafd722aa3b97ca7/8d09028d-a813-4c8f-9d40-6d41ccc91063/Hay+Barn.jpg 
Lake Forest College,"555 N Sheridan Rd, Lake Forest, IL 60045",School,"Lake Forest College is a small liberal arts college with a beautiful lakeside campus. The tree-lined paths and historic buildings give it a classic collegiate feel. It plays an important role in the town’s culture and brings energy, diversity, and academic life to the community.",https://www.lakeforest.edu/Public/OCM/1600x900_Homepage/Aerial_4_1600x900.jpg 
Dickinson Hall,"100 E Old Mill Rd, Lake Forest, IL 60045",Recreation / Community,"Dickinson Hall is a community center that serves as a gathering place for elderly residents. It hosts events, fitness programs, and social activities that strengthen local connections. It represents the town’s commitment to community involvement and active living.",https://blogger.googleusercontent.com/img/b/R29vZ2xl/AVvXsEjYgQPGcN8TjV0ZDYS20fNAJhYRseJXUmIeqCQFdPoYMERs-iM9Fbu9eOuULAhswZZtjnEPcUuU48Kp5gm2P3lvDUDEN7ay5dJFIVXN6tQJ7-9iKvoudobaf5DYYTtO96I_TXiCnXSSa1Uf/s1600/SRBall-LCN-031212-4.JPG 
Crab Tree Farm,"3 Eastwoods Rd, Lake Forest, IL 60045",Historical / Cultural,"Crab Tree Farm preserves historic architecture and traditional craftsmanship in a peaceful, pastoral setting. Visitors can explore restored barns, gardens, and exhibitions focused on early 20th-century design. It feels quiet and intentional, offering a slower pace that highlights artistry and heritage.",https://vinci-hamp.com/wp-content/uploads/2016/04/Crabtree-1.jpg 
Deer Path Inn,"255 E Illinois Rd, Lake Forest, IL 60045",Restaurant / Hotel,"Deer Path Inn feels like stepping into an English countryside estate right in the middle of Lake Forest. The elegant dining rooms, afternoon tea service, and cozy fireplaces make it perfect for special occasions. It blends historic charm with a refined, welcoming atmosphere.",https://symphony.cdn.tambourine.com/deer-path-inn-redesign/media/dpi-exteriors-front-entrance-220650-2477-lr-663570c75e50b.jpg 
Starbucks (Market Square),"724 N Western Ave, Lake Forest, IL 60045",Coffee Shop,"Located in Market Square, this Starbucks is a central meeting spot for students, families, and professionals. It’s always buzzing with energy, especially after school or on weekend mornings. It feels like a small-town hub inside a national brand.",https://images.squarespace-cdn.com/content/v1/5b5a3e9f0dbda3bd2f57b18a/1532714534324-PA76GTTQEMDHKLK21S97/Lake+Forest+2.jpg?format=1500w 
Hansa Coffee Roasters,"24 E Scranton Ave, Lake Bluff, IL 60044",Coffee Shop,"Just minutes from Lake Forest, Hansa Coffee offers a cozy, community-focused atmosphere. The locally roasted coffee and warm interior make it feel personal and welcoming. It’s a quieter alternative for studying or catching up with friends.",https://s3-media0.fl.yelpcdn.com/bphoto/P5QpfLhl3M9DUltcmQ3qNQ/348s.jpg 
West Park,"1525 N Waukegan Rd, Lake Forest, IL 60045",Park / Recreation,"West Park is one of the largest recreational spaces in Lake Forest, featuring sports fields, tennis courts, and open green space. It’s a major gathering place for youth sports and community events. The energy here reflects the town’s active lifestyle.",https://upload.wikimedia.org/wikipedia/commons/f/f7/West_Park_Pavilion.JPG 
Middlefork Savanna Forest Preserve,"1401 Middlefork Dr, Lake Forest, IL 60045",Park / Nature,"Middlefork Savanna offers wide open prairie landscapes and scenic walking trails. It’s peaceful and expansive, especially in the fall when the grasses change color. It feels like a natural retreat just outside the residential neighborhoods.",https://www.lcfpd.org/assets/1/7/SlideShowDimensionMain/Middlefork-Savanna--Photo-Credit-Jeff-Goldberg.jpg 
Lake Forest High School,"1285 N McKinley Rd, Lake Forest, IL 60045",School,"Lake Forest High School is known for its strong academics, athletics, and community involvement. The campus feels modern and well-supported, reflecting the town’s investment in education. Friday night football games and school events bring the community together.",https://patch.com/img/cdn20/users/22915293/20220426/115717/styles/patch_image/public/lake-forest-high-school-scott-anderson___26115657543.jpg 
Lake Bluff Middle School,"31 E Sheridan Pl, Lake Bluff, IL 60044",School,"Serving students from the Lake Forest and Lake Bluff area, this middle school emphasizes both academic growth and extracurricular involvement. It’s a formative place for many local families. The strong sense of community carries into high school and beyond.",https://edclarkschoolphoto.com/wp-content/uploads/2017/12/lakebluffmid.jpg 
Gorton Community Center,"400 E Illinois Rd, Lake Forest, IL 60045",Cultural / Community,"Gorton Center is a nonprofit cultural hub that hosts films, performances, classes, and community events. It’s a place where creativity and local engagement come together. The building itself has historic character while supporting modern programming.",http://gortoncenter.org/wp-content/uploads/2022/09/Gorton_West-Entrance.jpg 
Onwentsia Club,"300 N Green Bay Rd, Lake Forest, IL 60045",Recreation / Golf,Onwentsia Club is one of the most historic private golf clubs in the Midwest. The beautifully maintained grounds and traditional clubhouse reflect Lake Forest’s long-standing traditions. It represents a more classic and exclusive side of the community.,https://womenswesternamateur.com/images/press/24-site-announcement.jpg 
Lake Forest Open Lands Association,"350 N Waukegan Rd, Lake Forest, IL 60045",Nature / Conservation,"This organization preserves miles of scenic trails and open prairie land throughout Lake Forest. The quiet paths feel untouched and peaceful, offering a break from busy routines. It represents the town’s deep commitment to conservation.","https://res.cloudinary.com/land-trust-alliance/image/fetch/f_webp,q_60,g_auto:subject,w_6400,h_2880,c_fill/https://lta-util-staging.s3.us-east-2.amazonaws.com/lt-banner-292-1741702293.jpg "
Fort Sheridan Forest Preserve,"1280 Gilgare Ln, Lake Forest, IL 60045",Park / Historical,Fort Sheridan blends history with sweeping lake views and dramatic ravines. Former military buildings now sit alongside hiking trails and open shoreline. It feels both historic and expansive at the same time.,https://www.lcfpd.org/assets/1/7/GalleryMainDimensionId/e3b11781ca7a40dc8f42fe248ee20b501.jpg 
Lake Forest Library,"360 E Deerpath Rd, Lake Forest, IL 60045",Cultural / Education,"The Lake Forest Library is more than just books — it’s a quiet community anchor. With study spaces, events, and historic architecture, it feels calm and intentional. It’s a meaningful place for learning and reflection.",https://artslinknorth.com/wp-content/uploads/sites/artslinknorth.com/images/2025/03/venue-featured-lake-forest-library-1741035758-scaled.jpeg 
Forest Park Beach,"1050 N Lake Shore Dr, Lake Forest, IL 60045",Recreation,Forest Park Beach is known for its dramatic bluff views and quiet shoreline. The walking path above the lake offers one of the most scenic views in town. It’s peaceful and feels slightly tucked away.,"https://static.wixstatic.com/media/531bbc_9fc5f959b16c45d4abf0258efbd8b9c2~mv2.jpg/v1/fill/w_568,h_378,al_c,q_80,usm_0.66_1.00_0.01,enc_avif,quality_auto/531bbc_9fc5f959b16c45d4abf0258efbd8b9c2~mv2.jpg "
Mellody Farm Nature Preserve,"350 N Waukegan Rd, Lake Forest, IL 60045",Nature,"Mellody Farm Preserve features rolling meadows and walking trails just outside downtown. It’s especially beautiful in the fall and spring. It feels open, simple, and grounding.",https://hikingchicago.com/wp-content/uploads/2020/05/Mellody-Farm-middlefork-savanna-overall-1024x682.jpg 
Woodlands Academy of The Sacred Heart,"625 N Sheridan Rd, Lake Forest, IL 60045",School,"Woodlands Academy of the Sacred Heart is a private, Roman Catholic girls' high school in the northeast side of Lake Forest. Founded by the Society of the Sacred Heart, it is located in the Roman Catholic Archdiocese of Chicago.",https://assets.isu.pub/document-structure/241003151955-78ca9a0be50ffc254a786dd06123f215/v1/d6679f81e656d6bc96633ba36f8a2157.jpeg 
Lake Forest Cemetery,"1525 N Sheridan Rd, Lake Forest, IL 60045",Historical,"Overlooking Lake Michigan, this cemetery is surprisingly scenic and peaceful. The bluff views and historic monuments give it a reflective, almost park-like feel. It connects the town to generations of history.",https://www.tclf.org/sites/default/files/styles/crop_2000x700/public/thumbnails/image/2518_hero_LakeForestCemetery.jpg?itok=j6RxBjBP 
Lake Forest Train Station,"691 N Western Ave, Lake Forest, IL 60045",Transportation / Landmark,The downtown train station connects Lake Forest to Chicago while keeping its small-town charm. The classic architecture fits perfectly into Market Square. It’s both functional and iconic.,https://www.compass.com/m/8dd00447fae1903a0b2f8bc9fa6c609e8c308f39_img_24_bb9c6/origin.webp 
CROYA (Committee Representing Our Young Adults),"400 Hastings Rd, Lake Forest, IL 60045",Recreation,"Croya is a teen-focused community center that brings energy and creativity to the town. It hosts events, programs, and social spaces for young residents. It feels lively and youth-driven.","https://static.wixstatic.com/media/f33f70_245c8e3fb1384cc8a2fabc340f6456b3~mv2.png/v1/fill/w_568,h_384,al_c,q_85,usm_0.66_1.00_0.01,enc_avif,quality_auto/f33f70_245c8e3fb1384cc8a2fabc340f6456b3~mv2.png "
Penny's from Heaven,"215 E Westminster, Lake Forest, IL 60045",Boutique / Local Shop,"Penny's from Heaven is a beloved children’s boutique in Market Square. It has a nostalgic, small-town feel and has been around for decades. It represents local retail charm, and personalized gifts for young children.",https://shopmarketsquare.com/images/PennysFromHeaven.png 
The Lantern,"555 N Sheridan Rd, Lake Forest, IL 60045",Pub / Bar,"The Lantern is a restaurant and pub with dive bar-esque feels to it. It's a cozy spot for families to have a meal at, and a historic destination for Lake Forest College students to enjoy a beverage at night. This pub is known for it's town locals and Kareoke Tuesdays.",https://www.lakeforest.edu/Public/OCM/700x563/Campus%20life/the%20lantern%20city%20of%20lake%20forest.png 
Northcroft Park,"1200 N Sheridan Rd, Lake Forest, IL 60045",Park,"Northcroft Park is located in the West side of Lake Forest, and known for its extensive fields. Popular amongst the AYSO league, many soccer games are held here on Saturday afternoons. ",https://s3-media0.fl.yelpcdn.com/bphoto/oH-emddFtwgeEvoORu6RRA/l.jpg 
Lake Forest Yacht Club,"101 N Lake Shore Dr, Lake Forest, IL 60045",Recreation / Marina,The yacht club sits along the shoreline and adds a nautical character to the community. Sailboats and lake views give it a classic North Shore feel. It reflects Lake Forest’s connection to Lake Michigan.,https://images.clubexpress.com/477018/graphics/Header_Banner_2_571182833.jpg 
Lake Forest Academy,"1500 W Kennedy Rd, Lake Forest, IL 60045",School,"Lake Forest Academy is a historic boarding school with a beautiful, expansive campus. The architecture and tree-lined paths feel classic and prestigious. It’s an important academic landmark in the area.",https://d13b2ieg84qqce.cloudfront.net/cc7d0f36e21a730e05ca54098b389eedb58921ae 
First Presbyterian Church,"321 W Deerpath Rd, Lake Forest, IL 60045",Religious / Landmark,"This church features beautiful traditional architecture and long-standing community involvement. It hosts events, services, and gatherings throughout the year. It feels like a foundational part of town life.",https://firstchurchlf.org/wp-content/uploads/5.16.21-First-Pres-Service-71.jpg 
Lake Forest Recreation Center,"400 Hastings Rd, Lake Forest, IL 60045",Recreation,"The recreation center provides fitness programs, classes, and events for residents of all ages. It’s energetic and community-focused. It reflects the active lifestyle of Lake Forest families.",https://s3-media0.fl.yelpcdn.com/bphoto/Ssc6CzLPFYS0s81XOTx1gQ/348s.jpg 
Everett Park,"111 E Everett Rd, Lake Forest, IL 60045",Park,"Everett Park is a smaller, quiet park tucked within residential streets. It’s peaceful and ideal for short walks or casual gatherings. It feels understated but welcoming.",https://imagescdn.homes.com/i2/FVTrkL6IZMssyisq8w-fqmajhGufCgGxc6Ie1PJdUTM/117/triangle-park-lake-forest-il.jpg?p=1 
Lake Forest Montessori School,"13700 W Laurel Dr, Lake Forest, IL 60045",School,"Lake Forest Montessori School serves early childhood to age 14 students in a close-knit setting. The school's purpose is to set children up for success in a small setting, with 1:1 learning opportunities.",https://imagescdn.homes.com/i2/csifTda31dzrFYkgfal23m1mXIhHFWqGOozfjPZnyok/117/montessori-school-of-lake-forest-lake-forest-il-primaryphoto.jpg?p=1 
Townline Community Park,"1 Townline Rd, Lake Forest, IL 60045",Park,Townline Park offers athletic fields and open space for local sports leagues. It’s especially active during spring and summer seasons. It feels energetic and family-centered.,https://images.homesbymarco.com/pics/parks/4/2805/large/townline_community_park_1.jpg 
Lake Forest Symphony,"400 E Illinois Rd, Lake Forest, IL 60045",Cultural,The Lake Forest Symphony brings professional-level music performances to the community. Concerts add a refined artistic presence to the town. It strengthens the local cultural scene.,https://upload.wikimedia.org/wikipedia/commons/c/cf/Lake_Forest_Symphony_at_the_James_Lumber_Center.jpg 
Lake Forest Festival & Fireworks (Deerpath Community Park),"400 Hastings Rd, Lake Forest, IL 60045",Event / Cultural,"The annual July 4th celebration is a major tradition in Lake Forest. Families gather for live music, fireworks, and community festivities. It captures the small-town spirit of the area.",https://chicagoevents.com/wp-content/uploads/220138_070416_3409_LF4thofJuly-scaled-2.jpg 
Oaken Bistro + Bar,"200 N Field Dr, Lake Forest, IL 60045",American / Bistro,"A refined and contemporary American bistro with flavorful dishes, craft cocktails, and a welcoming bar atmosphere. Great for brunch, dinner, or happy hour in a stylish yet relaxed setting.",https://dynamic-media-cdn.tripadvisor.com/media/photo-o/1c/f0/bb/9c/lounge.jpg?w=900&h=500&s=1 
The English Room,"255 E Illinois Rd, Lake Forest, IL 60045",Fine Dining / American,"A classic fine-dining experience inside the historic Deer Path Inn, known for elegant service and refined dishes—perfect for special occasions.",https://symphony.cdn.tambourine.com/deer-path-inn-redesign/media/deerpathinn-03_1-englishroom-06-gallery-image-04-65b423424cd05.jpg 
Francesca’s Intimo,"293 E Illinois Rd, Lake Forest, IL 60045",Italian,"A cozy Italian trattoria with rustic pasta, wine, and comfort classics—one of the most popular Italian spots in town.",https://shhospitality.co/cdn/shop/articles/Intimo_1920x900_crop_center.jpg?v=1712382325 
Sophia Steak,"Lake Forest, IL 60045",Steakhouse / American,A steakhouse-style menu with classic cuts and a comfortable atmosphere—ideal for special nights out.,https://sophiasteak.com/lakeforest/events/Combo25_1.jpg 
The Gallery,"202 E Wisconsin Ave, Lake Forest, IL 60045",American / Contemporary,"A refined dining spot blending contemporary cuisine with an art-inspired ambiance, known for creative dishes and excellent service.",https://voyagechicago.com/wp-content/uploads/2018/09/dom_class_1.jpg  
Egg Harbor Cafe,"512 N Western Ave, Lake Forest, IL 60045",Cafe / Breakfast & Lunch,"A beloved breakfast and lunch café with hearty plates, crepes, and classic morning favorites.",https://d1w7312wesee68.cloudfront.net/wC4bbxVWUnVh_By14LNCwGldpBqeaEVwXSTmC-j2ebc/ext:webp/quality:85/plain/s3://toast-sites-resources-prod/restaurantImages/4aa188e7-c4ac-41f2-b197-552bb9d47437/welcome-to-egg-harbor.jpeg 
Kuro Bistro,"950 N Western Ave, Lake Forest, IL 60045",Japanese / Sushi,"Contemporary Japanese cuisine and sushi, with everything from sashimi to creative rolls and grill menu items.",https://s3-media0.fl.yelpcdn.com/bphoto/nRMIhQerE61IyOLG0EqtpA/348s.jpg 
White Hart Pub,"255 E Illinois Rd, Lake Forest, IL 60045",Brew Pub / Bar,A casual English-style pub setting with pub classics and a friendly vibe for relaxed nights out.,https://symphony.cdn.tambourine.com/deer-path-inn-redesign/media/deerpathinn-whitehartpub-dinner-01-65b428e71b5b0.jpg 
Sushi Kushi Toyo,"825 S Waukegan Rd, Lake Forest, IL 60045",Japanese / Sushi,"Classic Japanese sushi and favorites, often praised for fresh fish and attentive service.","https://static.wixstatic.com/media/f6bfa7_49de350295d3f4bad8441a3acd8dc43f.jpg/v1/fill/w_556,h_396,al_c,q_80,usm_0.66_1.00_0.01,enc_avif,quality_auto/f6bfa7_49de350295d3f4bad8441a3acd8dc43f.jpg "
Chief’s Pub,"502 N Western Ave, Lake Forest, IL 60045",Pub / Bar Food,"A local sports bar with comfort food, burgers, and a variety of beers—great for casual hangouts.",https://chiefspub.com/wp-content/uploads/2024/07/GARAGE-DOORS-OPEN-1-1024x768.jpeg 
Authentico Mexican Restaurant & Bar,"770 N Western Ave, Lake Forest, IL 60045",Mexican,A lively Mexican spot with flavorful tacos and vibrant drinks—perfect for casual meals with friends.,https://dynamic-media-cdn.tripadvisor.com/media/photo-o/05/17/e0/31/authentico.jpg?w=700&h=-1&s=1 
Ferentino’s Pizzeria East,"824 N Western Ave, Lake Forest, IL 60045",Italian / Pizza,Classic Italian pizza with generous toppings and neighborhood favorites.,https://s3-media0.fl.yelpcdn.com/bphoto/fVo6ryjbpOZZera-3hcIpw/l.jpg 
Lou Malnati’s Pizzeria,"840 S Waukegan Rd, Lake Forest, IL 60045",Pizza / Italian,"Famous Chicago-style deep-dish and classic pies, great for takeout or casual dinners.",https://dynamic-media-cdn.tripadvisor.com/media/photo-o/19/51/8f/41/outside-view.jpg?w=400&h=-1&s=1 
Left Bank,"659 N Bank Ln, Lake Forest, IL 60045",Casual / American,"A casual lunch spot known for its sandwiches and hot dogs, right near Market Square.",https://leftbankhotdogs.com/cdn/shop/files/DSC07619.jpg?v=1717034669&width=3840 
Donati’s Pizza,"950 N Western Ave, Lake Forest, IL 60045",Pizza,Classic hand-tossed pizza and Italian favorites—a local comfort choice.,https://dynamic-media-cdn.tripadvisor.com/media/photo-o/10/c9/fc/dc/donati-s-pizza-store.jpg?w=900&h=500&s=1 
Gerhard’s Elegant European Desserts,"720 N Western Ave, Lake Forest, IL 60045",Dessert / Café,"European-style desserts, pastries, and sweets—perfect for a post-dinner treat.",https://images.squarespace-cdn.com/content/v1/65fb16532125005806e4cb9f/63fdcb04-92ef-4cd0-8394-c27bfb093efa/gerhards+30th+.jpg 
Rosati’s Pizza,"630 N Western Ave, Lake Forest, IL 60045",Pizza,Classic pizza chain offering thin crust and traditional Italian-American flavors.,https://s3-media0.fl.yelpcdn.com/bphoto/laryG3XdjVLIUROaJ1FuNg/348s.jpg 
Dunkin’ Donuts,"620 N Western Ave, Lake Forest, IL 60045",Coffee / Fast Casual,Classic coffee and donuts for quick breakfast or caffeine runs.,https://s3-media0.fl.yelpcdn.com/bphoto/YNw0zbKcDUbWuLMnpyZmHw/348s.jpg 
Le Colonial,"655 Forest Ave, Lake Forest, IL 60045",Restaurant – French-Vietnamese,"A popular French‑Vietnamese fusion restaurant known for elegant décor and a large, flavorful menu. Great for a nicer night out, and reservations help during busy times.",https://www.lecolonial.com/wp-content/uploads/2024/05/LakeForest03.jpg 
Sweet’s,"260 E Deerpath Rd, Lake Forest, IL 60045",Dessert / Ice Cream,"A local institution serving chocolates, caramels, toffee, and rich ice cream. It’s an easy, classic stop after dinner downtown.",https://dynamic-media-cdn.tripadvisor.com/media/photo-o/08/48/23/f2/sweet-s.jpg?w=700&h=400&s=1 
Inovasi,"28 E Center Ave, Lake Bluff, IL 60044",Restaurant – Contemporary Bistro,An elegant yet relaxed bistro in downtown Lake Bluff known for a modern menu and stylish setting—great for lunch or dinner.,"https://res.cloudinary.com/spothopper/image/fetch/f_auto,q_auto:best,c_fit,h_1200/http://static.spotapps.co/spots/f6/bcd428b6f24cfba53e7bec01b1d963/:original "
The Otherdoor,"30 E Center Ave, Lake Bluff, IL 60044",Mexican / Casual,"A casual taqueria serving tacos, burritos, bowls, and nachos with bright décor and generous portions.",https://static.spotapps.co/spots/1e/7b7aa3c7194faab116543bae704294/full 
Bluffington’s Café,"113 E Scranton Ave, Lake Bluff, IL 60044",Café / Breakfast & Lunch,"A friendly café that’s great for breakfast, lunch, or coffee with a fun ""local"" vibe. I used to work here in high school! The owners are Horned Frog Alumni. ",https://dynamic-media-cdn.tripadvisor.com/media/photo-o/11/17/55/54/small-town-restaurant.jpg?w=500&h=-1&s=1 
Lake Bluff Brewing Co.,"16 E Scranton Ave, Lake Bluff, IL 60044",Brewery / Taproom,"A small craft brewery and taproom featuring rotating beers and a pub menu, often with live music.",https://images.squarespace-cdn.com/content/v1/599f19b2e58c6242318290a7/1503623906633-YEB09WLQZ2GRWEURWCCV/Goat+Burger+%2B+LBBC.jpg 
Mavery Public House,"20 E Scranton Ave, Lake Bluff, IL 60044",Tavern / American,"An upscale tavern with American comfort food, plus wines and cocktails—popular for brunch, lunch, or dinner.",https://i0.wp.com/maevery.com/wp-content/uploads/Bar-with-Craig.jpg?fit=625%2C416&ssl=1 
Amidei Mercatino,"235 South Gate, Market Square, Lake Forest, IL 60045",Market / Seasonal Grocery,"A charming seasonal market in Market Square offering fresh fruits, vegetables, flowers, and specialty goods. It brings a European-style outdoor market feel to downtown Lake Forest and is a favorite warm-weather stop.",https://s3-media0.fl.yelpcdn.com/bphoto/JCoeZL8mSW_zAK2-tBqLRg/348s.jpg 
Cherokee Elementary School,"475 E. Cherokee Rd.
Lake Forest, IL 60045",School,"Public elementary school, grades K-4 in District 67 serving the southeast side of Lake Forest.",https://imagescdn.homes.com/i2/OWwXmd-X7r4w1_lphNqL46t3vcmeGRgHeWxVvoVlIEs/117/cherokee-elementary-school-lake-forest-il-primaryphoto.jpg?p=1 
Everett Elementary School,"1111 Everett School Rd.
Lake Forest, IL 60045",School,"Public elementary school, grades K-4 in District 67 serving the southwest side of Lake Forest.",https://images.homesbymarco.com/pics/schools/4/17158/large/everett_elementary_school_2.jpg 
Sheridan Elementary School,"1360 N. Sheridan Rd.
Lake Forest, IL 60045",School,"Public elementary school, grades K-4 in District 67 serving the northeast side of Lake Forest.",https://imagescdn.homes.com/i2/ZT1QAzXKF0SJKPko_iU-DrZnY156aKOjrL6zYWE0NAE/117/sheridan-elementary-school-lake-forest-il-primaryphoto.jpg?p=1
Deer Path Middle School,"95 W. Deerpath Rd.
Lake Forest, IL 60045",School,"Public middle school, serving students of Lake Forest grades 5-8.", https://patch.com/img/cdn20/users/20673003/20170801/010614/styles/raw/public/processed_images/deer_path_middle_school_1-1501607157-921.jpg 
Hometown Coffee & Juice,"231 E Wisconsin Ave, Lake Forest, IL 60045",Café / Breakfast & Lunch,"Hometown is an all day cafe that specializes in coffee, juice, smoothies and food. It's a great place to grab a quick bite to eat -- you're guaranteed to run into someone you know!",https://s3-media0.fl.yelpcdn.com/bphoto/nUpryzF-5gl5NIvxKBVPxg/348s.jpg 